Year,Title,Director,MPAA,Runtime,J,E,R,K,S
1976,1900,Bernardo Bertolucci,R,318,0,0,0,0,0
2004,2046,Kar Wai Wong,R,129,0,0,0,1,1
1957,12 Angry Men,Sidney Lumet,NR,96,0,1,1,0,1
1997,12 Angry Men,William Friedkin,PG-13,117,0,0,1,0,0
1995,12 Monkeys,Terry Gilliam,R,129,1,1,1,1,1
1998,20 Dates,Myles Berkowitz,R,87,1,0,1,0,1
1968,2001: A Space Odyssey,Stanley Kubrick,G,139,1,1,1,1,1
2003,21 Grams,Alejandro González Iñárritu,R,125,1,1,1,1,1
2002,24 Hour Party People,Michael Winterbottom,R,117,0,0,0,0,0
2002,25th Hour,Spike Lee,R,135,1,1,1,1,1
2002,28 Days Later...,Danny Boyle,R,113,1,1,1,1,1
1935,"39 Steps, The",Alfred Hitchcock,NR,86,0,1,1,0,1
1997,4 Little Girls,Spike Lee,NR,102,0,0,0,0,1
2005,"40 Year Old Virgin, The",Judd Apatow,R,116,1,1,1,1,1
1959,"400 Blows, The",François Truffaut,NR,94,0,0,0,0,1
1963,8 1/2,Federico Fellini,NR,135,0,0,1,0,1
2002,8 Mile,Curtis Hanson,R,110,1,0,0,1,1
1964,A Hard Day's Night,Richard Lester,G,87,0,0,0,0,0
1997,A Life Less Ordinary,Danny Boyle,R,103,0,0,1,1,0
1966,A Man for All Seasons,Fred Zinneman,G,120,0,0,0,0,0
1984,A Nightmare on Elm Street,Wes Craven,R,91,0,0,0,1,1
1986,A Room with a View,James Ivory,NR,117,0,0,0,0,0
2004,A Very Long Engagement,Jean-Pierre Jeunet,R,134,0,0,0,1,1
2002,About Schmidt,Alexander Payne,R,125,1,1,1,1,1
1989,"Abyss, The",James Cameron,PG-13,171,1,1,0,0,1
1949,Adam's Rib,George Cukor,NR,101,0,0,1,0,1
2002,Adaptation,Spike Jonze,R,114,1,1,1,1,1
1988,"Adventures of Baron Munchausen, The",Terry Gilliam,PG,125,1,1,1,1,1
1938,"Adventures of Robin Hood, The",Michael Curtiz,NR,102,0,0,0,1,0
1997,Affliction,Paul Schrader,R,114,0,0,1,0,1
1951,"African Queen, The",John Huston,NR,105,0,0,0,0,0
1973,Aguirre the Wrath of God,Werner Herzog,NR,100,0,0,1,1,1
2001,AI: Artificial Intelligence,Steven Spielberg,PG-13,146,1,1,1,1,1
1980,Airplane!,Jim Abrahams,PG,88,1,1,1,1,1
1988,Akira,Katsuhiro Otomo,R,124,1,0,1,1,1
1938,Aleksandr Nevsky,Sergei M. Eisenstein,NR,112,0,0,0,0,0
1974,Alice Doesn't Live Here Anymore,Martin Scorsese,PG,112,0,0,0,0,1
1951,Alice in Wonderland,Clyde Geronomi,G,75,1,1,1,1,1
1979,Alien,Ridley Scott,R,117,1,1,1,1,1
1986,Aliens,James Cameron,R,154,1,1,1,1,1
1950,All About Eve,Joseph L. Mankiewicz,NR,138,0,0,1,0,1
1999,All About My Mother,Pedro Almodóvar,R,101,1,0,1,0,1
1930,All Quiet on the Western Front,Lewis Milestone,NR,131,1,1,1,1,1
1949,All The King's Men,Robert Rossen,NR,109,0,0,0,0,0
1976,All the President's Men,Alan J. Pakula,R,138,1,1,1,1,1
2003,All the Real Girls,David Gordon Green,R,108,0,1,1,0,1
2000,Almost Famous,Cameron Crowe,R,122,1,1,1,1,1
1989,Always,Steven Spielberg,PG,106,0,1,0,0,1
1984,Amadeus,Milos Foreman,PG,158,1,1,0,1,1
1974,Amarcord,Federico Fellini,R,127,0,0,1,0,1
1963,America America,Elia Kazan,NR,174,0,0,0,0,0
1999,American Beauty,Sam Mendes,R,121,1,1,1,1,1
1973,American Graffiti,George Lucas,PG,110,1,1,1,1,1
1998,American History X,Tony Kaye,R,110,1,1,1,1,1
1951,"American in Paris, An",Vincent Minelli,NR,113,0,0,0,0,1
1999,American Pie,Paul Weitz,R,95,1,1,1,1,1
2001,American Pie 2,James B. Rogers,R,105,1,1,1,1,1
2000,American Psycho,Mary Harron,R,102,1,1,1,0,1
2003,American Splendor,Shari Springer Berman,R,101,1,1,1,1,1
2003,American Wedding,Jesse Dylan,R,102,1,1,1,1,1
2000,Amores Perros,Alejandro González Iñárritu,R,153,1,1,1,1,1
2001,Amélie,Jean-Pierre Jeunet,R,122,1,1,1,1,1
2006,An Inconvenient Truth,Davis Guggenheim,PG,100,0,0,1,1,1
1959,Anatomy of a Murder,Otto Preminger,NR,160,0,0,1,0,0
1945,And Then There Were None,René Clair,NR,97,0,0,0,0,0
1969,Andrei Rublyov,Andrei Tarkovsky,NR,205,0,0,1,0,0
1990,"Angel at My Table, An",Jane Campion,R,158,0,0,0,0,0
1978,Animal House,John Landis,R,109,0,1,1,1,1
1977,Annie Hall,Woody Allen,PG,93,1,1,1,1,1
2001,"Anniversary Party, The",Alan Cumming,R,115,0,0,1,1,1
2003,Anything Else,Woody Allen,R,108,1,1,1,1,1
1956,Aparajito,Satyajit Ray,NR,127,0,0,1,0,0
1960,"Apartment, The",Billy Wilder,NR,125,0,0,1,0,1
1979,Apocalypse Now,Francis Ford Coppola,R,153,1,1,1,1,1
1995,Apollo 13,Ron Howard,PG,140,1,1,1,1,1
1997,"Apostle, The ",Robert Duvall,PG-13,134,1,0,1,0,1
1959,Apur Sansar,Satyajit Ray,NR,117,0,0,1,0,0
2005,"Aristocrats, The",Paul Provenza,NR,89,1,1,1,1,1
1993,Army of Darkness,Sam Raimi,R,81,0,1,0,1,1
1969,"Army of Shadows, The",Jean-Pierre Melville,NR,145,0,0,0,1,0
2004,Around the Bend,Jordan Roberts,R,85,0,0,0,0,0
1944,Arsenic and Old Lace,Frank Capra,NR,118,0,1,1,0,1
1997,As Good As It Gets,James L. Brooks,PG-13,139,1,1,1,1,1
1958,Ashes and Diamonds,Andrzej Wajda,NR,105,0,0,0,0,0
1950,"Asphalt Jungle, The",John Huston,NR,112,0,0,0,0,1
2004,"Assassination of Richard Nixon, The",Niels Mueller,R,95,0,0,1,0,0
1976,Assault on Precint 13,John Carpenter,R,91,0,0,0,0,1
1980,Atlantic City,Louis Malle,R,104,0,0,0,0,0
1956,Attack,Robert Aldrich,NR,107,0,0,0,0,0
1987,Au revoir les enfants,Louis Malle,PG,104,0,0,1,0,0
2000,Audition,Takashi Miike,R,115,1,1,1,1,1
2002,Auto-Focus,Paul Schrader,R,105,0,0,0,0,1
1960,"Avventura, L'",Michelangelo Antonioni,NR,145,0,0,0,0,0
1937,"Awful Truth, The",Leo McCarey,NR,91,0,0,0,0,0
2006,Babel,Alejandro González Iñárritu,R,143,0,0,1,0,0
1985,Back to the Future,Robert Zemeckis,PG,111,1,1,1,1,1
1991,Backdraft,Ron Howard,R,132,1,0,0,0,1
1956,"Bad Seed, The",Marvin LeRoy,NR,129,0,0,0,0,0
1973,Badlands,Terrence Malick,PG,95,0,0,1,0,1
1942,Bambi,David Hand,G,70,1,1,1,1,1
1971,Bananas,Woody Allen,PG-13,82,0,0,1,0,1
1992,Baraka,Ron Fricke,PG,96,0,1,0,0,1
2003,"Barbarian Invasions, The",Denys Arcand,R,99,0,0,1,0,1
1975,Barry Lyndon,Stanley Kubrick,PG,184,0,0,0,0,0
1991,Barton Fink,Joel Coen,R,116,0,1,1,0,1
1996,Basquiat,Julian Schanbel,R,108,0,0,1,0,0
1993,Batman: Mask of the Phantasm,Eric Radomski,PG,76,1,0,0,0,0
1965,"Battle of Algiers, The",Gillo Pontecorvo,NR,117,0,0,1,0,1
2000,Battle Royale,Kinji Fukasaku,NR,114,0,0,0,1,0
1925,"Battleship Potemkin, The",Grigori Aleksandrov,NR,75,0,0,1,0,1
2005,"Baxter, The",Michael Showalter,PG-13,91,0,0,0,1,0
1988,"Bear, The",Jean-Jacques Annaud,PG,94,0,0,0,0,1
2001,"Beautiful Mind, A",Ron Howard,PG-13,136,1,1,1,1,1
1991,Beauty and the Beast,Gary Trousdale,G,84,1,1,1,1,1
1946,Beauty and the Beast,Jean Cocteau,NR,93,0,0,1,0,0
2000,Before Night Falls,Julian Schnabel,R,133,0,0,1,0,0
1996,Before Sunrise,Richard Linklater,R,105,1,1,1,1,1
2004,Before Sunset,Richard Linklater,R,80,1,1,1,1,1
1991,Begotten,E. Elias Merhige,NR,78,0,0,0,0,1
1999,Being John Malkovich,Spike Jonze,R,112,1,1,1,1,1
1979,Being There,Hal Ashby,PG,130,0,0,1,0,1
2001,Bejing Bicycle,Xiaoshuai Wang,PG-13,113,1,1,1,1,1
2001,Believer The,Henry Bean,R,98,0,0,0,1,0
1959,Ben-Hur,William Wyler,G,212,0,0,1,1,0
1993,Benny & Joon,Jeremiah S. Chechik,PG,98,0,1,1,1,1
2000,Best in Show,Christopher Guest,PG-13,90,1,1,1,1,1
2003,"Best of Youth, The",Marco Tullio Giordana,R,366,0,0,0,0,1
1946,"Best Years of Our Lives, The",William Wyler,NR,176,0,0,0,0,1
2002,Better Luck Tomorrow,Justin Lin,R,101,0,1,0,1,1
1985,Better Off Dead...,Savage Steve Holland,PG,97,1,1,1,1,1
1948,Bicycle Thieves,Vittorio De Sica,NR,93,0,0,1,0,1
1948,"Big Clock, The",John Farrow,NR,95,0,0,0,0,0
2003,Big Fish,Tim Burton,PG-13,110,0,1,1,1,1
1953,"Big Heat, The",Fritz Lang,NR,89,0,0,0,0,0
1998,"Big Lebowski, The",Joel Coen,R,117,1,1,1,1,1
1996,Big Night,Campbell Scott,R,107,0,0,0,0,0
1925,"Big Parade, The",King Vidor,NR,141,0,0,0,0,0
1980,"Big Red One, The",Samuel Fuller,R,113,0,0,0,0,0
1946,"Big Sleep, The",Howard Hawks,NR,114,0,0,1,1,1
1998,"Bird People in China, The",Takashi Miike,NR,118,0,0,0,1,1
1963,"Birds, The",Alfred Hitchcock,PG-13,119,0,0,1,0,1
1915,"Birth of a Nation, The",D. W. Griffith,NR,125,0,1,1,1,1
1976,Black and White in Color,Jean-Jacques Annaud,PG,90,0,0,1,0,1
2001,Black Hawk Down,Ridley Scott,R,144,1,0,1,0,1
1959,Black Orpheus,Marcel Camus,NR,107,0,0,0,0,0
1929,Blackmail,Alfred Hitchcock,NR,96,0,0,1,0,1
1982,Blade Runner,Ridley Scott,R,117,1,1,1,1,1
1999,"Blair Witch Project, The",Daniel Sanchez,R,80,1,1,1,1,1
1974,Blazing Saddles,Mel Brooks,R,93,0,1,1,1,1
1958,"Blob, The",Irwin Yeaworth Jr.,NR,86,0,0,0,0,1
1984,Blood Simple,Joel Coen,R,97,0,0,1,0,1
2001,Blow,Ted Demme,NR,124,1,1,1,1,1
1966,Blowup,Michelangelo Antonioni,NR,111,0,0,0,0,1
1986,Blue Velvet,David Lynch,R,120,0,1,1,1,1
1981,Body Heat,Lawrence Kasdan,R,113,0,0,0,0,1
1945,"Body Snatcher, The",Robert Wise,NR,77,0,0,0,0,0
1967,Bonnie and Clyde,Arthur Penn,NR,111,0,0,0,0,1
1997,Boogie Nights,Paul Thomas Anderson,R,152,1,1,1,1,1
1947,Boomerang!,Elia Kazan,NR,88,0,0,0,0,0
2006,Borat: Cultural Learnings of America for Make Benefit Glorious Nation of Kazakhstan,Larry Charles,R,84,0,1,1,1,1
2004,Born Into Brothels: Calcutta's Red Light Kids,Zana Briski,R,85,0,1,0,0,1
1989,Born on the Fourth of July,Oliver Stone,R,144,1,1,1,0,1
1950,Born Yesterday,George Cukor,NR,103,0,0,0,0,0
1996,Bottle Rocket,Wes Anderson,R,92,1,1,1,1,1
1994,Bottle Rocket,Wes Anderson,NR,13,1,0,0,0,0
1999,Bowfinger,Frank Oz,PG-13,98,1,1,1,1,1
2002,Bowling for Columbine,Michael Moore,R,120,1,1,1,1,1
1999,Boys Don't Cry,Kimberly Peirce,R,118,1,1,1,1,1
1978,"Boys from Brazil, The",Franklin J. Schaffner,R,123,0,0,0,0,0
1995,Braveheart,Mel Gibson,R,177,1,0,1,1,1
1985,Brazil,Terry Gilliam,R,131,1,1,1,1,1
1961,Breakfast at Tiffany's,Blake Edwards,NR,115,0,1,1,1,1
1985,"Breakfast Club, The",John Hughes,R,92,1,1,1,1,1
2005,Breakfast On Pluto,Neil Jordan,R,135,0,0,0,1,0
1979,Breaking Away,Peter Yates,PG,100,0,1,0,0,1
1996,Breaking the Waves,Lars von Trier,R,159,0,0,0,0,1
1960,Breathless,Jean-Luc Godard,NR,87,0,0,1,0,1
1935,Bride of Frankenstein,James Whale,NR,75,0,0,0,0,0
1957,"Bridge on the River Kwai, The",David Lean,PG,155,0,0,1,0,1
1977,"Bridge Too Far, A",Richard Attenborough,PG,176,0,0,0,0,1
2001,Bridget Jones's Diary,Sharon Maguire,R,97,1,1,1,1,1
1945,Brief Encounter,David Lean,NR,86,0,0,0,0,1
1938,Bringing Up Baby,Howard Hawks,NR,102,0,1,1,0,1
1984,Broadway Danny Rose,Woody Allen,PG,84,0,0,1,0,1
1919,Broken Blossoms,D.W. Griffifth,NR,90,0,0,0,0,0
2002,Bubba Ho-tep,Don Coscarelli,R,92,1,1,1,1,1
2003,Bukowski: Born into This,John Dullaghan,NR,130,0,0,0,0,0
1994,Bullets Over Broadway,Woody Allen,R,98,0,0,1,1,0
1969,Bullitt,Peter Yates,PG,113,1,1,0,1,1
2002,Bus 174,José Padilha,R,122,1,0,0,0,1
1956,Bus Stop,Joshua Logan,NR,96,0,0,0,0,0
1969,Butch Cassidy and the Sundance Kid,George Roy Hill,PG,110,0,0,1,1,1
1938,"Bête Humaine, La",Jean Renoir,NR,100,0,0,0,0,0
1920,"Cabinet of Dr. Caligari, The",Robert Wiene,NR,71,1,0,0,1,1
1980,Caddyshack,Harold Ramis,R,99,1,1,1,0,1
1948,Call Northside 777,Henry Hathaway,NR,111,0,0,0,0,1
1936,Camille,George Cukor,NR,109,0,0,0,0,0
1962,Cape Fear,J. Lee Thompson,NR,105,0,0,0,0,0
2005,Capote,Bennett Miller,R,98,0,1,1,1,1
1935,Captain Blood,Michael Curtiz,NR,119,0,0,0,0,1
2003,Capturing the Friedmans,Andrew Jarecki,NR,107,0,1,1,1,1
1962,Carnival of Souls,Herk Harvey,NR,78,0,0,0,0,1
1976,Carrie,Brian De Palma,R,98,0,0,0,0,1
1942,Casablanca,Michael Curtiz,PG,102,1,1,1,1,1
1995,Casino,Martin Scorsese,R,178,1,1,0,0,1
1958,Cat on a Hot Tin Roof,Richard Brooks,NR,108,0,0,0,0,1
1942,Cat People,Jacques Tourneur,NR,73,0,0,0,0,0
2002,Catch Me If You Can,Steven Spielberg,PG-13,141,1,1,1,1,1
1970,Catch-22,Mike Nichols,R,122,0,0,0,0,1
1998,"Celebration, The",Thomas Vinterberg,R,105,0,0,0,0,1
1928,Champagne,Alfred Hitchcock,NR,86,0,0,0,0,0
1949,Champion,Mark Robson,NR,99,0,0,0,0,0
1992,Chaplin,Richard Attenborough,PG-13,143,0,0,1,0,1
1963,Charade,Stanley Donen,NR,113,1,1,1,0,1
1981,Chariots of Fire,Hugh Hudson,PG,123,0,1,0,0,0
1997,Chasing Amy,Kevin Smith,R,111,1,1,1,1,1
2002,Chicago,Rob Marshall,PG-13,113,1,1,1,1,1
1931,"Chienne, La",Jean Renoir,NR,95,0,0,0,0,0
2006,Children of Men,Alfonso Cuarón,R,109,0,0,1,1,0
1945,Children of Paradise,Marcel Carné,NR,190,0,0,0,0,0
1979,"China Syndrome, The",James Bridges,PG,122,0,0,0,0,0
1974,Chinatown,Roman Polanski,R,131,1,1,1,1,1
2000,Chocolat,Lasse Hallström,PG-13,121,1,1,1,1,1
1983,"Christmas Story, A",Bob Clark,PG,94,1,1,1,1,1
1994,Chungking Express,Kar-Wai Wong,PG-13,102,0,0,1,1,0
1999,"Cider House Rules, The",Larry Hallstrom,PG-13,125,1,0,1,0,0
1950,Cinderella,Clyde Geronimi,G,74,1,1,1,1,1
1989,Cinema Paradiso,Giuseppe Tornatore,R,155,0,0,1,1,1
1941,Citizen Kane,Orson Welles,PG,119,1,1,1,1,1
1931,City Lights,Charles Chaplin,NR,87,0,0,1,0,1
2002,City of God,Fernando Meirelles,R,130,0,1,1,1,1
1961,Cleo from 5 to 7,Agnès Varda,NR,90,0,0,1,0,0
1994,Clerks,Kevin Smith,R,92,1,1,1,1,1
1971,"Clockwork Orange, A",Stanley Kubrick,R,134,1,1,1,1,1
1977,Close Encounters of the Third Kind,Steven Spielberg,PG,135,1,1,1,1,1
2004,Closer,Mike Nichols,R,98,1,1,1,1,1
1995,Clueless,Amy Heckerling,PG-13,97,1,1,1,1,1
2003,Coffee and Cigarettes,Jim Jarmusch,R,95,0,0,1,0,1
2004,Collateral,Michael Mann,R,120,1,1,1,1,1
2002,Confessions of a Dangerous Mind,George Clooney,R,113,0,1,1,1,1
1970,"Conformist, The",Bernardo Bertolucci,R,115,0,0,0,0,1
2005,"Constant Gardener, The",Fernando Meirelles,R,129,0,0,0,1,1
1997,Contact,Robert Zemeckis,PG,153,1,1,1,1,1
2004,Control Room,Jehane Noujaim,NR,83,0,0,0,0,1
1974,"Conversation, The",Francis Ford Coppola,PG,113,1,1,1,1,1
1967,Cool Hand Luke,Stuart Rosenberg,NR,126,1,1,1,1,1
2003,"Corporation, The",Jennifer Abbott,NR,145,1,1,1,0,1
2001,Cowboy Bebop: The Movie,Shinichirô Watanabe,R,116,0,0,0,1,0
2004,Crash,Paul Haggis,R,113,0,1,1,1,1
1936,"Crime of Monsieur Lange, The",Jean Renoir,NR,80,0,0,0,0,0
2002,"Crimen del Padre Amaro, El",Carlos Carrera,R,118,0,0,0,0,0
1989,Crimes and Misdemeanors,Woody Allen,PG-13,107,0,0,1,1,1
1977,Cross of Iron,Sam Peckinpah,R,119,0,0,0,0,0
2000,Crouching Tiger Hidden Dragon,Ang Lee,PG-13,120,1,0,1,1,1
1994,"Crow, The",Alex Proyas,R,102,1,1,1,0,1
1999,Cruel Intentions,Roger Kumble,R,95,1,1,1,1,1
1992,"Crying Game, The",Neil Jordan,R,107,1,1,1,1,1
1990,Cyrano de Bergerac,Jean-Paul Rappeneau,PG,137,0,0,1,0,0
1950,D.O.A,Rudolph Maté,NR,83,0,0,0,0,0
2000,Dancer in the Dark,Lars von Trier,R,140,0,0,1,0,1
1990,Dances With Wolves,Kevin Costner,PG-13,183,1,0,1,0,1
2002,"Dangerous Lives of Altar Boys, The",Peter Care,R,104,1,1,1,1,1
2007,"Darjeeling Limited, The",Wes Anderson,R,91,0,0,0,0,0
1998,Dark City,Alex Proyas,R,100,1,1,0,0,1
2000,Dark Days,Marc Singer,NR,94,0,0,0,1,1
2008,"Dark Knight, The",Christopher Nolan,PG-13,152,0,0,0,1,0
1981,Das Boot,Wolfgang Petersen,R,149,0,1,1,0,1
1993,Dave,Ivan Reitman,PG-13,110,0,0,1,0,1
1935,David Copperfield,George Cukor,NR,130,0,0,0,0,0
1951,"Day Earth Stood Still, The",Robert Wise,G,92,0,0,0,0,1
1936,"Day in the Country, A",Jean Renoir,NR,40,0,0,0,0,0
1978,Days of Heaven,Terrence Malick,PG,95,0,0,1,0,1
1991,Dead Again,Kenneth Branagh,R,107,0,0,0,0,0
1989,Dead Poets Society,Peter Weir,PG,128,1,1,1,1,1
1988,Dead Ringers,David Cronenberg,R,115,0,0,1,0,1
1950,Deadly is the Female,Joseph H. Lewis,NR,86,0,0,0,0,0
1997,Deconstructing Harry,Woody Allen,R,96,1,1,1,0,1
1975,Deep Red,Dario Argento,R,98,0,0,0,0,1
1972,Deep Throat,Gerard Damiano,NC-17,61,0,0,0,0,1
1978,"Deer Hunter, The",Michael Cinemo,R,183,0,1,1,1,1
1991,Defending Your Life,Albert Brooks,PG,112,0,0,0,0,0
1958,"Defiant Ones, The",Stanley Kramer,NR,97,0,0,0,0,0
1991,Delicatessen,Marc Caro,R,99,0,0,1,1,1
1972,Deliverance,John Boorman,R,109,1,1,0,0,1
1974,"Deluge, The",Jerzy Hoffman,NR,315,0,0,0,0,0
2006,"Departed, The",Martin Scorsese,R,151,0,0,1,1,1
1975,Dersu Uzala,Akira Kurosawa,G,114,0,0,0,0,0
1945,Detour,Edgar G. Ulmer,G,67,0,0,0,0,0
1999,Detroit Rock City,Adam Rifkin,R,95,1,1,0,1,1
2001,"Devil's Backbone, The",Guillermo del Toro,R,106,1,1,1,1,1
1955,"Diaboliques, Les ",Henri-Georges Clouzot,NR,114,0,0,0,0,1
1954,Dial M for Murder,Alfred Hitchcock,PG,105,1,1,1,1,1
1988,Die Hard,John McTiernan,R,126,1,0,1,1,1
1995,Die Hard: With a Vengeance,John McTiernan,R,131,0,0,0,1,1
1967,"Dirty Dozen, The",Robert Aldrich,NR,144,1,1,1,1,1
2004,Dirty Filthy Love,Adrian Shergold,R,120,0,0,0,1,0
1971,Dirty Harry,Don Siegel,R,102,0,0,1,0,1
2002,Dirty Pretty Things,Stephen Frears,R,107,0,0,1,1,1
1972,"Discrete Charm of the Bourgeoisie, The",Luis Buñuel,PG,101,0,0,1,0,0
2007,"Diving Bell and the Butterfly, The",Julian Schnabel,PG-13,112,0,0,1,1,1
1989,Do the Right Thing,Spike Lee,R,120,0,0,0,0,1
1928,"Docks of New York, The",Josef von Sternberg,NR,76,0,0,0,0,0
1965,Doctor Zhivago,David Lean,PG-13,197,0,0,1,0,0
1936,Dodsworth,William Wyler,NR,101,0,0,0,0,1
1975,Dog Day Afternoon,Sidney Lumet,R,124,1,1,1,1,1
1999,Dogma,Kevin Smith,R,130,1,1,1,1,1
2003,Dogville,Lars von Trier,R,177,0,0,0,0,1
1960,"Dolce Vita, La",Federico Fellini,NR,174,0,0,0,0,0
2001,Don't Tempt Me,Agustín Díaz Yanes,R,112,0,0,1,0,0
2001,Donnie Darko,Richard Kelly,R,113,1,1,1,1,1
1991,"Doors, The",Oliver Stone,R,134,1,1,0,0,0
1944,Double Indemnity,Billy Wilder,NR,107,0,0,0,0,1
1964,Dr. Strangelove,Stanley Kubrick,PG,93,1,1,1,1,1
1939,Drums Along the Mohawk,John Ford,NR,103,0,0,0,0,1
1933,Duck Soup,Leo McCarey,NR,70,0,0,1,0,1
1994,Dumb & Dumber,Peter Farrelly,PG-13,101,1,1,1,1,1
1941,Dumbo,Ben Sharpsteen,G,64,1,1,1,1,1
1982,E.T. the Extra-Terrestrial,Steven Spielberg,PG,115,1,1,1,1,1
1955,East of Eden,Elia Kazan,NR,115,0,0,0,0,0
1969,Easy Rider,Dennis Hopper,R,94,0,0,1,0,1
1994,Ed Wood,Tim Burton,R,127,1,1,1,0,1
1997,"Edge, The",Lee Tamahori,R,117,1,1,1,1,1
1990,Edward Scissorhands,Tim Burton,PG-13,100,1,1,1,1,1
1999,Election,Alexander Payne,R,103,0,1,1,1,1
2003,Elephant,Gus Van Sant,R,81,0,1,1,1,1
1980,"Elephant Man, The",David Lynch,PG,124,0,0,1,0,1
1992,Enchanted April,Mike Newell,PG,95,0,0,0,0,0
1996,"English Patient, The",Anthony Minghella,R,160,0,0,1,0,1
1973,Enter The Dragon,Robert Clouse,R,110,0,0,0,1,0
1977,Eraserhead,David Lynch,NR,90,0,1,1,1,1
1979,Escape from Alcatraz,Don Siegel,PG,112,0,0,0,1,1
1996,Escape from L.A.,John Carpenter,R,101,1,0,0,1,1
1981,Escape from New York,John Carpenter,R,99,1,0,0,1,1
2004,Eternal Sunshine of the Spotless Mind,Michel Gondry,R,108,1,1,1,1,1
1990,Europa Europa,Agnieszka Holland,R,112,0,1,1,0,1
1996,Everyone Says I Love You,Woody Allen,R,101,0,0,1,0,0
1972,Everything You Always Wanted to Know About Sex * But Were Afraid to Ask,Woody Allen,R,87,1,1,1,0,1
1987,Evil Dead II,Sam Raimi,NR,85,1,1,1,1,1
1981,"Evil Dead, The",Sam Raimi,NC-17,85,1,1,1,1,1
1973,"Exorcist, The",William Friedkin,R,131,1,1,1,1,1
1999,Eyes Wide Shut,Stanley Kubrick,R,159,1,1,1,1,1
1957,"Face in the Crowd, A",Elia Kazan,NR,125,0,0,0,0,0
1966,Fahrenheit 451,François Truffaut,NR,112,0,0,0,0,0
2004,Fahrenheit 9/11,Michael Moore,NR,122,1,1,1,1,1
1964,Fail-Safe,Sidney Lumet,NR,112,0,0,0,0,0
1976,Family Plot,Alfred Hitchcock,PG,121,0,0,0,0,1
1982,Fanny and Alexander,Ingmar Bergman,R,188,0,0,0,0,0
1940,Fantasia,James Algar,G,120,1,1,1,1,1
2002,Far From Heaven,Todd Haynes,PG-13,107,0,0,1,0,1
1993,Farewell My Concubine,Kaige Chen,R,171,1,0,0,0,0
1996,Fargo,Joel Coen,R,98,1,1,1,1,1
1928,"Farmer's Wife, The",Alfred Hitchcock,NR,97,0,0,0,0,0
1926,Faust,F.W. Murnau,NR,116,0,1,1,0,1
1998,Fear and Loathing in Las Vegas,Terry Gilliam,R,118,0,1,1,1,1
1951,Fearless,Christian Nyby,NR,87,0,0,0,0,0
1993,Fearless,Peter Weir,R,122,0,0,0,0,1
1990,"Femme Nikita, La",Luc Besson,R,115,1,0,0,1,1
1986,Ferris Bueller’s Day Off,John Hughes,PG-13,102,1,1,1,1,1
1992,"Few Good Men, A",Rob Reiner,R,138,1,1,1,1,1
1971,Fiddler on the Roof,Norman Jewison,G,181,0,0,0,0,0
1999,Fight Club,David Fincher,R,139,1,1,1,1,1
2000,Finding Forrester,Gus Van Sant,PG-13,136,1,0,1,0,1
2003,Finding Nemo,Andrew Stanton,G,100,1,1,1,1,1
1982,First Blood,Ted Kotcheff,R,97,1,0,0,0,1
1988,"Fish Called Wanda, A",Charles Crichton,R,108,0,1,0,1,1
1991,"Fisher King, The",Terry Gilliam,R,137,0,0,1,0,1
1964,"Fistful of Dollars, A",Sergio Leone,R,99,1,0,1,0,1
1972,Fists of Fury,Wei Lo,R,107,1,0,0,1,0
1999,Flawless,Joel Schumacher,R,112,0,0,1,0,1
1986,Flight of the Navigator,Randy Kleiser,PG,90,1,0,1,0,0
2001,Focus,Neil Slavin,PG-13,106,0,0,1,0,1
2003,Fog of War,Errol Morris,PG-13,95,0,0,1,0,1
1980,"Fog, The",John Carpenter,R,89,0,0,0,0,1
1998,Following,Christopher Nolan,R,69,0,0,0,0,1
1984,Footloose,Herbert Ross,PG,107,1,0,0,0,1
1965,For a Few Dollars More,Sergio Leone,R,130,0,0,1,1,1
1940,Foreign Correspondent,Alfred Hitchcock,NR,120,0,0,0,0,1
2008,Forgetting Sarah Marshall,Nicholas Stoller,R,111,0,0,0,0,0
1994,Forrest Gump,Robert Zemeckis,PG-13,142,1,1,1,1,1
1948,Fort Apache,John Ford,NR,125,0,0,0,0,1
1995,Four Rooms,Allison Anders,R,98,0,0,0,1,1
1951,Fourteen Hours,Henry Hathaway,NR,92,0,0,0,0,0
2001,Frailty,Bill Paxton,R,100,0,0,0,0,1
1931,Frankenstein,James Whale,NR,71,0,0,0,0,1
1932,Freaks,Tod Browning,NR,64,0,0,0,1,1
1971,"French Connection, The",William Friedkin,R,104,1,1,1,1,1
1972,Frenzy,Alfred Hitchcock,R,116,0,0,0,0,1
2002,Frida,Julie Taymore,R,123,0,1,1,0,1
1995,Friday,F. Gary Gray,R,91,1,1,1,1,1
2001,From Hell,Albert Hughes,R,122,1,1,1,1,1
1953,From Here to Eternity,Fred Zinneman,NR,118,0,0,0,0,1
1993,"Fugitive, The",Andrew Davis,R,127,1,1,1,1,1
1987,Full Metal Jacket,Stanley Kubrick,R,116,1,1,1,1,1
1997,"Full Monty, The",Peter Catteneo,R,91,1,1,1,1,1
1997,"Game, The",David Fincher,R,128,1,0,0,0,1
1982,Gandhi,Richard Attenborough,PG,188,1,1,1,1,1
2002,Gangs of New York,Martin Scorsese,R,166,1,1,1,1,1
2004,Garden State,Zach Braff,R,109,1,1,1,1,1
1944,Gaslight,George Cukor,NR,114,0,0,0,0,1
1978,Gates of Heaven,Errol Morris,NR,85,0,0,0,0,1
1997,Gattaca,Andrew Niccol,PG-13,101,1,1,1,0,1
1927,"General, The",Clyde Bruckman,NR,75,0,0,1,0,1
2000,George Washington,David Gordon Green,NR,89,0,0,1,0,1
1914,Gertie the Dinosaur,Windsor McCay,NR,18,0,0,0,0,0
1972,"Getaway, The",Sam Peckinpah,PG,122,0,1,1,0,0
2001,Ghost World,Terry Zwigoff,R,111,1,1,1,1,1
1970,Gimme Shelter,Albert Maysles,R,91,0,0,1,0,0
2000,Gladiator,Ridley Scott,R,155,1,1,1,1,1
1950,"Glass Menagerie, The",Irving Rapper,NR,107,0,0,0,0,1
1987,"Glass Menagerie, The",Paul Newman,PG,134,0,0,0,0,0
1992,Glengarry Glen Ross,James Foley,R,101,1,1,1,1,1
1989,Glory,Edward Zwick,R,122,1,1,1,1,1
1972,"Godfather, The",Francis Ford Coppola,R,175,1,1,1,1,1
1974,"Godfather: Part II, The",Francis Ford Coppola,R,200,0,1,1,1,1
1990,"Godfather: Part III, The",Francis Ford Coppola,R,161,0,0,0,0,1
1998,Gods and Monsters,Bill Condon,R,105,1,0,0,0,1
1980,"Gods Must Be Crazy, The",Jamie Uys,PG,109,0,0,0,1,0
1956,"Godzilla, King of the Monsters!",Ishiro Honda,NR,80,1,0,0,0,0
1925,"Gold Rush, The",Charles Chaplin,NR,96,0,0,0,0,0
1964,Goldfinger,Guy Hamilton,PG,112,0,0,0,1,0
1939,Gone With the Wind,Victor Fleming,G,222,0,0,1,0,1
2005,"Good Night, and Good Luck.",George Clooney,PG,93,0,0,1,1,1
1997,Good Will Hunting,Gus Van Sant,R,126,1,1,1,1,1
1966,"Good, the Bad and the Ugly, The",Sergio Leone,R,161,1,0,1,1,1
1939,Goodbye Mr. Chips,Sam Wood,NR,114,0,0,0,0,1
1990,Goodfellas,Martin Scorsese,R,146,1,1,1,1,1
1985,"Goonies, The",Richard Donner,PG,113,1,1,0,1,1
2001,Gosford Park,Robert Altman,R,137,0,1,1,0,1
1967,"Graduate, The",Mike Nichols,PG,105,1,1,1,1,1
2008,Gran Torino,Clint Eastwood,R,116,0,0,0,0,0
1937,"Grande Illusion, La",Jean Renoir,NR,114,0,0,1,0,1
1940,"Grapes of Wrath, The",John Ford,NR,128,0,0,0,1,1
1988,Grave of the Fireflies,Isao Takahata,NR,93,0,0,0,0,1
1940,"Great Dictator, The",Charles Chaplin,NR,124,0,0,1,0,1
1963,"Great Escape, The",John Sturges,NR,169,1,1,1,1,1
1903,"Great Train Robbery, The",Edwin S. Porter,NR,12,0,0,0,0,1
1924,Greed,Erich von Stroheim,NR,140,0,0,0,0,0
1999,"Green Mile, The",Frank Darabont,R,188,1,0,1,0,1
1975,Grey Gardens,Ellen Hovde,NR,94,0,0,1,0,0
2007,Grindhouse,Robert Rodriguez / Quentin Tarantino,NC-17,191,0,1,0,0,1
2005,Grizzly Man,Werner Herzog,R,103,0,1,1,0,1
1997,Grosse Pointe Blank,George Armitage,R,107,1,1,1,1,1
1993,Groundhog Day,Harold Ramis,PG,101,1,1,1,1,1
1993,Grumpy Old Men,Donald Petrie,PG-13,103,1,1,0,1,1
1967,Guess Who's Coming to Dinner,Stanley Kramer,NR,108,0,0,1,1,1
1997,Gummo,Harmony Korine,R,89,0,0,0,1,0
1957,Gunfight at the O.K. Corral,John Sturges,NR,122,0,0,0,0,0
1939,Gunga Din,George Stevens,NR,117,0,0,0,0,0
1961,"Guns of Navarone, The",J. Lee Thompson,PG,158,0,0,0,1,1
1955,Guys and Dolls,Joseph L.  Makiewicz,NR,150,0,0,0,0,0
1978,Halloween,John Carpenter,R,91,1,1,1,1,1
1986,Hannah and Her Sisters,Woody Allen,PG-13,103,0,1,1,1,1
2001,Hannibal,Ridley Scott,R,131,1,1,1,1,1
1998,Happiness,Todd Solondz,NC-17,134,0,1,1,0,1
1962,Harakiri,Masaki Kobayashi,NR,135,0,0,0,0,0
1996,Hard Eight,Paul Thomas Anderson,R,102,0,0,1,0,1
1976,Harlan County U.S.A.,Barbara Kopple,PG,103,0,0,0,0,1
1971,Harold and Maude,Hal Ashby,PG,91,0,1,1,1,1
1950,Harvey,Henry Koster,NR,104,0,0,1,0,0
1995,Hate,Mathieu Kassovitz,R,96,0,0,0,0,1
1974,Hearts and Minds,Peter Davis,R,112,0,0,1,0,1
1991,Hearts of Darkness: A Filmmaker's Apocalypse,Fax Bahr / George Hickenlooper,R,96,0,0,0,0,1
1995,Heat,Michael Mann,R,171,1,1,1,1,1
2001,Hedwig and the Angry Inch,John Cameron Mitchell,R,95,0,0,0,1,0
1989,Henry V,Kenneth Branagh,PG-13,137,1,0,0,0,0
2002,Hero,Yimou Zhang,PG-13,96,1,0,0,1,1
1958,"Hidden Fortress, The",Akira Kurosawa,NR,139,0,0,0,0,0
2000,High Fidelity,Stephen Frears,R,113,1,1,1,1,1
1952,High Noon,Fred Zinneman,NR,85,1,1,1,1,1
1973,High Plains Drifter,Clint Eastwood,R,105,0,0,0,0,1
1959,Hiroshima Mon Amour,Alain Resnais,NR,90,0,0,1,0,1
1940,His Girl Friday,Howard Hawks,NR,92,0,0,0,0,1
2005,"History of Violence, A",David Cronenberg,R,96,0,0,0,0,1
1938,Holiday,George Cukor,NR,95,0,0,0,0,0
1970,"Honeymoon Killers, The",Leonard Kastle,R,115,0,0,0,0,0
1994,Hoop Dreams,Steve James,PG-13,170,0,1,0,0,1
2004,Hotel Rwanda,Terry George,PG-13,121,0,0,1,1,1
2002,"Hours, The",Stephen Daldry,PG-13,114,0,0,1,1,1
2004,House of Flying Daggers,Yimou Zhang,PG-13,119,1,0,0,0,0
2004,Howl's Moving Castle,Hayao Miyazaki,PG,119,0,0,1,1,1
1963,Hud,Martin Ritt,NR,112,0,0,1,0,1
1990,"Hunt for Red October, The",John McTiernan,PG,134,1,1,1,1,1
1937,"Hurricane, The",John Ford,NR,110,0,0,0,0,0
1992,Husbands and Wives,Woody Allen,R,108,0,0,1,1,1
2005,Hustle & Flow,Craig Brewer,R,116,0,0,1,0,1
1961,"Hustler, The",Robert Rossen,NR,134,0,1,0,0,1
1932,I Am a Fugitive from a Chain Gang,Mervyn LeRoy,NR,93,0,0,0,0,0
1953,I Confess,Alfred Hitchcock,NR,95,0,0,0,0,0
2004,I Heart Huckabees,David O. Russell,R,106,1,1,1,1,1
1996,I Shot Andy Warhol,Mary Harron,R,103,0,0,0,0,0
1932,"I Was Born, But...",Yasujiro Ozu,NR,100,0,0,0,0,0
1994,I.Q.,Fred Schepisi,PG,100,1,1,1,1,1
1997,"Ice Storm, The",Ang Lee,R,112,0,0,1,0,1
2002,Igby Goes Down,Burr Steers,R,97,1,1,1,1,1
1952,Ikiru,Akira Kurosawa,NR,143,0,0,0,1,1
2002,In America,Jim Sheridan,PG-13,105,1,1,1,0,1
1967,In Cold Blood,Richard Brooks,R,134,0,0,0,0,1
2001,In The Bedroom,Todd Field,R,130,1,1,1,0,1
1997,In the Company of Men,Neil LaBute,R,97,0,0,0,0,1
1967,In the Heat of the Night,Norman Jewison,NR,109,0,0,0,1,1
2000,In The Mood For Love,Kar-Wai Wong,PG,98,0,0,0,1,1
2004,In the Realms of the Unreal,Jessica Yu,NR,81,0,0,0,1,0
2004,"Incredibles, The",Brad Bird,PG,115,0,1,1,1,1
1996,Independence Day,Roland Emmerich,PG-13,145,0,0,1,1,1
1989,Indiana Jones and the Last Crusade,Steven Spielberg,PG-13,127,1,1,0,1,1
1984,Indiana Jones and the Temple of Doom,Steven Spielberg,PG,118,1,1,0,1,1
1935,"Informer, The",John Ford,NR,95,0,0,0,0,0
1999,Inherit the Wind,Daniel Petrie,PG,127,0,0,0,0,0
1960,Inherit the Wind,Stanley Kramer,PG,128,0,0,1,0,1
1999,"Insider, The",Michael Mann,R,157,1,1,1,1,1
1978,Interiors,Woody Allen,PG,93,0,0,1,0,1
1994,Interview with the Vampire: The Vampire Chronicles,Neil Jordan,R,123,1,0,0,0,1
1916,Intolerance,D. W. Griffith,NR,197,0,0,0,0,0
1956,Invasion of the Body Snatchers,Don Siegel,NR,80,0,0,0,0,1
1978,"Invasion of the Body Snatchers, The",Philip Kaufman,PG,115,0,0,0,0,1
1999,"Iron Giant, The",Brad Bird,PG,86,0,0,0,1,1
2002,Irreversible,Gaspar Noé,NC-17,97,0,1,1,0,1
1989,Isle of Flowers,Jorge Furtado,NR,13,0,0,0,1,1
1934,It Happened One Night,Frank Capra,NR,105,0,0,0,0,1
1934,It's a Gift,Norman McLeod,NR,73,0,0,0,0,0
1946,It's a Wonderful Life,Frank Capra,NR,130,1,0,1,1,1
2004,It's All Gone Pete Tong,Michael Dowse,R,90,0,0,1,0,1
1997,Jackie Brown,Quentin Tarantino,R,151,1,1,1,1,1
1990,Jacob's Ladder,Adrian Lyne,R,115,0,0,1,0,1
2005,Jarhead,Sam Mendes,R,123,0,0,1,0,1
1975,Jaws,Steven Spielberg,PG,127,1,1,1,1,1
2001,Jay and Silent Bob Strike Back,Kevin Smith,R,104,1,1,1,1,1
1986,Jean de Florette,Claude Berri,PG,120,0,0,0,0,0
1996,Jerry Maguire,Cameron Crowe,R,138,1,1,1,1,1
1991,JFK,Oliver Stone,R,206,0,1,1,0,1
1939,"Jour Se Leve, Le",Marcel Carné,NR,93,0,0,0,0,0
1961,Judgment at Nuremberg,Stanley Kramer,NR,186,0,0,1,0,0
1953,Julius Caesar,Joseph L.  Mankiewicz,NR,120,0,0,0,0,0
2005,Junebug,Phil Morrison,R,106,0,0,1,0,1
1967,"Jungle Book, The",Wolfgang Reitherman,G,78,1,1,1,1,1
2007,Juno,Jason Reitman,PG-13,92,0,0,1,1,1
1993,Jurassic Park,Steven Spielberg,PG-13,126,1,1,1,1,1
2001,Kandahar,Mohsen Makhmalbaf,NR,85,0,0,1,1,0
1984,"Karate Kid, The",John G. Avildsen,PG,126,0,1,0,1,1
1995,Kids,Larry Clark,R,91,0,1,1,1,1
2003,Kill Bill: Vol. 1,Quentin Tarantino,R,111,1,1,1,1,1
2004,Kill Bill: Vol. 2,Quentin Tarantino,R,136,1,1,1,1,1
1989,"Killer, The",John Woo,R,111,1,0,0,0,1
1984,"Killing Fields, The",Roland JoffÃ©,R,141,0,0,1,0,1
1956,"Killing, The",Stanley Kubrick,NR,85,0,1,1,0,1
1933,King Kong,Meriam C. Cooper,NR,100,0,0,0,0,1
1983,"King of Comedy, The",Martin Scorsese,PG,101,0,0,1,0,0
1996,Kingpin,Bobby Farrelly,PG-13,113,1,1,1,1,1
2004,Kinsey,Bill Condon,R,118,1,1,1,1,1
2005,Kiss Kiss Bang Bang,Shane Black,R,102,0,0,1,1,1
1955,Kiss Me Deadly,Robert Aldrich,NR,106,0,0,0,0,1
2003,Kitchen Stories,Bent Hamer,PG,95,0,0,0,0,0
1971,Klute,Alan J. Pakula,R,114,0,0,0,0,0
1962,Knife in the Water,Roman Polanski,NR,94,0,0,1,1,1
2007,Knocked Up,Judd Apatow,R,129,0,0,1,1,1
1979,Kramer vs. Kramer,Robert Benton,PG,105,0,0,1,0,1
2004,Kung Fu Hustle,Stephen Chow,R,95,0,0,1,1,0
1997,L.A. Confidential,Curtis Hanson,R,136,1,1,1,1,1
1955,Lady and the Tramp,Clyde Geronimi,G,75,1,1,1,1,1
1941,"Lady Eve, The",Preston Sturges,NR,97,0,0,0,0,0
1933,Lady for a Day,Frank Capra,NR,88,0,0,0,0,0
1972,Lady Sings the Blues,Sidney Furie,R,144,0,0,0,0,0
1938,"Lady Vanishes, The",Alfred Hitchcock,NR,97,0,0,0,0,1
2001,Lagaan: Once Upon a Time in India,Ashutosh Gowariker,PG,224,0,0,0,0,0
2005,Land of the Dead,George Romero,R,93,0,0,1,1,1
2001,Lantana,Ray Lawrence,R,121,0,0,0,0,0
1987,"Last Emperor, The",Bernardo Bertolucci,PG-13,160,1,0,0,0,0
1958,"Last Hurrah, The",John Ford,NR,121,0,0,0,0,0
1992,"Last of the Mohicans, The",Michael Mann,R,122,1,0,1,0,1
1971,"Last Picture Show, The",Peter Bogdanovich,R,118,0,1,1,0,1
2003,"Last Samurai, The",Edward Zwick,R,154,0,0,0,1,1
1972,Last Tango in Paris,Bernardo Bertolucci,NC-17,136,0,0,1,0,1
1988,"Last Temptation of Christ, The",Martin Scorsese,R,164,0,0,1,0,1
1961,Last Year at Marienbad,Alain Resnais,NR,94,0,0,0,0,0
1944,Laura,Otto Preminger,NR,88,0,0,0,0,0
1962,Lawrence of Arabia,David Lean,PG,216,1,1,1,1,1
1967,Le Samouraï,Jean-Pierre Melville,PG,101,0,0,0,0,1
1989,Lean on Me,John G. Avildsen,PG-13,104,1,0,1,0,1
1995,Leaving Las Vegas,Mike Figgis,R,111,0,0,0,0,1
1974,Lenny,Bob Fosse,R,111,0,1,1,0,0
1943,"Life and Death of Colonel Blimp, The",Michael Powell,NR,163,0,0,0,0,1
2004,"Life and Death of Peter Sellers, The",Stephen Hopkins,NR,122,1,0,0,1,0
2004,"Life Aquatic with Steve Zissou, The",Wes Anderson,R,118,1,1,1,1,1
2001,Life as a House,Irwin Winkler,R,125,0,0,1,0,1
1997,Life is Beautiful,Roberto Benigni,PG-13,114,1,1,1,1,1
1979,Life of Brian,Terry Jones,R,94,0,1,1,1,1
1944,Lifeboat,Alfred Hitchcock,NR,96,0,0,1,0,0
1963,Lilies of the Field,Ralph Nelson,NR,94,0,0,1,0,0
1952,Limelight,Charles Chaplin,G,141,0,0,1,0,0
1999,"Limey, The",Steven Soderbergh,R,89,0,0,0,0,1
1969,"Lion in Winter, The",Anthony Harvey,PG,113,0,0,1,0,1
1994,"Lion King, The",Roger Allers,G,89,1,1,1,1,1
1970,Little Big Man,Arthur Penn,PG-13,147,0,0,1,0,0
1989,"Little Mermaid, The",Ron Clements,G,83,1,1,1,1,1
2006,Little Miss Sunshine,Jonathan Dayton,R,101,0,1,1,0,1
2000,Little Otik,Jan Svankmajer,NR,125,0,0,0,0,0
1933,Little Women,George Cukor,NR,117,0,0,0,0,0
1997,Live Flesh,Pedro Almodóvar,R,103,0,0,0,0,0
1995,Living in Oblivion,Tom DiCillo,R,90,0,0,0,0,0
1998,"Lock, Stock and Two Smoking Barrels",Guy Ritchie,R,105,1,1,1,1,1
1927,"Lodger, The",Alfred Hitchcock,NR,83,0,0,0,0,0
1997,Lolita,Adrian Lyne,R,137,1,1,1,0,1
1962,Lolita,Stanley Kubrick,NR,152,1,1,1,1,1
1996,Lone Star,John Sayles,R,135,0,0,0,0,0
1962,Lonely are the Brave,David Miller,NR,107,0,0,0,0,0
1962,"Longest Day, The",Ken Annakin,G,180,0,0,0,1,1
2001,"Lord of the Rings: The Fellowship of the Ring, The",Peter Jackson,PG-13,178,1,1,1,1,1
2003,"Lord of the Rings: The Return of the King, The",Peter Jackson,PG-13,201,1,0,1,1,1
2002,"Lord of the Rings: The Two Towers, The",Peter Jackson,PG-13,179,1,1,1,1,1
1997,Lost Highway,David Lynch,R,135,1,1,1,1,1
1937,Lost Horizon,Frank Capra,NR,132,0,0,0,0,0
2003,Lost in Translation,Sofia Coppola,R,102,1,1,1,1,1
1934,"Lost Patrol, The",John Ford,NR,66,0,0,0,0,0
1945,"Lost Weekend, The",Billy Wilder,NR,101,0,0,0,0,1
2003,Love Actually,Richard Curtis,R,135,1,0,1,0,1
1957,Love in the Afternoon,Billy Wilder,NR,130,0,0,0,0,0
2002,Love Liza,Todd Louiso,R,90,1,1,1,0,1
1998,"Lovers from the North Pole, The",Julio Medem,R,112,0,0,0,0,0
1956,Lust for Life,George Cukor,NR,122,0,0,0,0,1
1931,M,Fritz Lang,NR,117,0,1,1,0,1
2004,"Machinist, The",Brad Anderson,R,102,0,0,0,0,1
1981,Mad Max 2: The Road Warrior,George Miller,R,91,0,0,0,0,0
1942,"Magnificent Ambersons, The",Orson Welles,NR,88,0,0,0,0,0
1960,"Magnificent Seven, The",John Sturges,PG-13,128,1,1,1,1,1
1999,Magnolia,Paul Thomas Anderson,R,188,1,1,1,1,1
1992,Malcolm X,Spike Lee,PG-13,194,0,0,1,0,1
1995,Mallrats,Kevin Smith,R,94,1,1,1,1,1
1941,"Maltese Falcon, The",John Huston,NR,101,0,0,0,0,1
2002,Man on the Train,Patrice Leconte,R,90,0,0,0,0,0
2003,"Man Who Copied, The",Jorge Furtado,R,123,0,0,0,0,0
1956,"Man Who Knew Too Much, The",Alfred Hitchcock,PG,120,0,0,0,0,0
1934,"Man Who Knew Too Much, The",Alfred Hitchcock,NR,84,0,0,1,0,1
1962,"Man Who Shot Liberty Valance, The",John Ford,NR,123,0,0,0,0,0
2001,"Man Who Wasn't There, The",Joel Coen,R,116,0,0,1,0,1
1975,"Man Who Would Be King, The",John Huston,PG,129,0,0,0,0,0
1962,"Manchurian Candidate, The",John Frankenheimer,PG-13,126,0,1,0,1,1
1979,Manhattan,Woody Allen,R,96,1,1,1,1,1
1993,Manhattan Murder Mystery,Woody Allen,PG,104,0,0,1,0,1
1992,Manufacturing Consent: Noam Chomsky and the Media,Mark Achbar,NR,167,0,0,1,0,1
2005,March of the Penguins,Luc Jacquet,G,80,1,1,0,0,1
1964,Marnie,Alfred Hitchcock,PG,130,0,0,0,0,1
1964,Mary Poppins,Robert Stevenson,G,140,1,1,1,1,1
1966,Masculin Féminin,Jean-Luc Godard,NR,103,0,0,0,1,0
1970,MASH,Robert Altman,PG,116,0,0,1,0,1
2005,Match Point,Woody Allen,R,124,0,1,1,1,1
2003,Matchstick Men,Ridley Scott,PG-13,116,0,0,1,1,1
1999,"Matrix, The",Andy Wachowski,R,136,1,1,1,1,1
1971,McCabe and Mrs. Miller,Robert Altman,R,120,0,0,1,0,1
2005,Me and You and Everyone We Know,Miranda July,R,90,1,1,1,1,1
1973,Mean Streets,Martin Scorsese,R,110,0,0,1,0,1
1941,Meet John Doe,Frank Capra,NR,135,0,0,0,0,0
2000,Memento,Christopher Nolan,R,113,1,1,1,1,1
1927,Metropolis,Fritz Lang,NR,123,1,1,1,1,1
1996,Michael Collins,Neil Jordan,R,133,0,0,1,0,0
1978,Midnight Express,Alan Parker,R,120,0,0,1,0,0
1988,Midnight Run,Martin Brest,R,126,0,0,0,0,0
1995,Mighty Aphrodite,Woody Allen,R,95,0,0,0,0,1
2003,"Mighty Wind, A",Christopher Guest,PG-13,91,0,1,1,1,1
1990,Miller's Crossing,Joel Coen,R,115,0,0,0,0,1
2004,Million Dollar Baby,Clint Eastwood,PG-13,132,0,0,1,0,1
2002,Minority Report,Steven Spielberg,PG-13,145,1,1,1,0,1
1962,"Miracle Worker, The",Arthur Penn,NR,106,0,0,0,0,1
1975,"Mirror, The",Andrei Tarkovsky,NR,108,0,0,0,0,0
1990,Misery,Rob Reiner,R,107,1,0,0,0,1
1961,"Misfits, The",John Huston,PG,124,0,0,0,0,0
1996,Mission: Impossible,Brian De Palma,PG-13,110,1,1,1,1,1
1988,Mississippi Burning,Alan Parker,R,128,0,0,0,0,1
1955,Mister Roberts,John Ford,NR,123,0,0,1,0,0
1936,Modern Times,Charles Chaplin,NR,87,0,0,1,0,1
2003,Monster,Patty Jenkins,R,111,1,1,0,1,1
2001,Monster's Ball,Marc Forster,R,111,1,1,1,1,1
2001,"Monsters, Inc.",Peter Docter,G,92,1,1,1,1,1
1975,Monty Python and the Holy Grail,Terry Gilliam,R,91,1,1,1,1,1
2002,"Mothman Prophecies, The",Mark Pellington,PG-13,119,1,0,1,0,1
2004,"Motorcycle Diaries, The",Walter Salles,R,128,1,0,1,0,1
2001,Moulin Rouge!,Baz Luhrmann,PG-13,127,1,1,1,1,1
1999,Mr. Death,Errol Morris,PG-13,91,0,0,1,0,0
1936,Mr. Deeds Goes to Town,Frank Capra,NR,115,0,0,0,0,1
1939,Mr. Smith Goes to Washington,Frank Capra,NR,125,1,1,1,1,1
2001,Mullholand Dr.,David Lynch,R,145,1,1,1,1,1
1976,Murder by Death,Robert Moore,PG,94,0,0,0,0,1
1930,Murder!,Alfred Hitchcock,NR,104,0,0,0,0,0
1935,Mutiny On The Bounty,Frank Lloyd,NR,132,0,0,0,0,1
2002,My Big Fat Greek Wedding,Joel Zwick,PG,96,1,1,1,1,1
1946,My Darling Clementine,John Ford,NR,97,0,1,1,0,1
1981,My Dinner With Andre,Louis Malle,PG,110,0,0,0,0,1
1964,My Fair Lady,George Cukor,G,170,0,0,1,0,1
1989,My Left Foot,Jim Sheridan,R,98,0,0,0,0,0
1988,My Neighbor Totoro,Hayao Miyazaki,G,86,0,0,0,0,0
1991,My Own Private Idaho,Gus Van Sant,R,102,0,0,0,0,1
2003,Mystic River,Clint Eastwood,R,137,1,0,1,0,1
1993,Naked,Mike Leigh,NR,131,0,0,0,0,0
1991,"Naked Gun 2 1/2: The Smell of Fear, The",David Zucker,PG-13,85,1,1,1,1,1
1994,"Naked Gun 33 1/3: The Final Insult, The",Peter Segal,PG-13,83,1,1,1,1,1
1988,"Naked Gun: From the Files of Police Squad!, The",David Zucker,PG-13,85,1,1,1,1,1
1991,Naked Lunch,David Cronenberg,R,115,0,0,1,0,1
1953,"Naked Spur, The",Anthony Mann,NR,91,0,0,0,0,0
1986,"Name of the Rose, The",Jean-Jacques Annaud,R,130,0,0,0,0,1
2004,Napoleon Dynamite,Jared Hess,PG,86,1,1,1,1,1
1975,Nashville,Robert Altman,R,159,0,0,0,0,1
1994,Natural Born Killers,Oliver Stone,R,118,1,0,1,0,1
1976,Network,Sidney Lumet,R,120,1,1,1,0,1
1994,"Neverending Story, The",Wolfgang Petersen,PG,94,1,1,1,1,1
1994,"New Legend of Shaolin, The",Jing Wong,R,95,1,1,0,0,1
2005,"New World, The",Terrence Malick,PG-13,135,0,0,0,0,1
1955,Night and Fog,Alain Resnais,NR,32,0,0,1,1,1
1935,Night at the Opera,Sam Wood,NR,96,0,0,0,0,0
1955,"Night of the Hunter, The",Charles Laughton,NR,93,0,0,0,0,1
1964,"Night of the Iguana, The",John Huston,NR,125,0,0,0,0,1
1968,Night of the Living Dead,George A. Romero,NR,96,1,1,1,1,1
2004,Night Watch,Timur Bekmambetov,R,114,0,0,0,1,1
1994,"Nightmare Before Christmas, The",Henry Selick,PG,76,1,1,1,1,1
1957,Nights of Cabiria,Federico Fellini,NR,117,0,0,0,0,1
2003,Nina's Tragedies,Savi Gavison,NR,110,0,0,0,0,0
2005,Nine Lives,Rodrigo García,R,115,0,0,0,0,1
1939,Ninotchka,Ernst Lubitsch,NR,110,0,0,0,0,0
2007,No Country for Old Men,Ethan Coen,R,122,0,0,1,1,1
2001,No Man's Land,Danis Tanovic,R,98,0,0,1,0,1
1994,Nobody's Fool,Robert Benton,R,110,0,0,1,0,1
1979,Norma Rae,Martin Ritt,PG,110,0,0,1,0,1
1959,North by Northwest,Alfred Hitchcock,NR,136,1,1,1,1,1
2003,Northfork,Michael Polish,PG-13,103,0,0,1,0,1
1922,Nosferatu,F.W. Murnau,NR,94,1,1,1,1,1
1983,Nostalgia,Andrei Tarkovsky,NR,125,0,0,0,0,0
1946,Notorious,Alfred Hitchcock,NR,101,0,0,1,0,1
1932,Number 17,Alfred Hitchcock,NR,63,0,0,0,1,1
2000,"O Brother, Where Art Thou?",Joel Coen,PG-13,106,0,1,1,1,1
1968,"Odd Couple, The",Gene Saks,G,106,0,0,0,1,0
1999,Office Space,Mike Judge,R,89,1,1,1,1,1
2003,Oldboy,Chan-wook Park,R,120,0,0,1,0,1
1976,"Omen, The",Richard Donner,R,111,0,0,1,0,1
1981,On Golden Pond,Mark Rydell,PG,109,0,0,1,0,1
1954,On the Waterfront,Elia Kazan,NR,108,0,1,1,1,1
1984,Once Upon a Time in America,Sergio Leone,R,227,0,0,1,0,0
1968,Once Upon a Time in the West,Sergio Leone,PG-13,165,0,0,1,1,1
1999,One Day in September,Kevin Macdonald,R,94,0,0,1,1,1
1992,One False Move,Carl Franklin,R,105,0,0,0,0,0
1975,One Flew Over the Cuckoo’s Nest,Milos Foreman,R,129,1,1,1,1,1
2002,One Hour Photo,Mark Romanek,R,96,0,0,1,0,1
1961,One-Eyed Jacks,Marlon Brando,NR,141,0,0,0,0,0
2003,Ong-bak: The Thai Warrior,Prachya Pinkaew,R,101,0,0,0,1,0
1939,Only Angels Have Wings,Howard Hawks,NR,121,0,0,0,0,1
1997,Open Your Eyes,Alejandro Amenábar,R,117,1,1,1,1,1
1980,Ordinary People,Robert Redford,R,124,0,1,1,0,1
2001,"Others, The",Alejandro AmenÃ¡bar,PG-13,104,0,0,1,1,1
1998,Out of Sight,Steven Soderbergh,R,123,0,0,0,0,1
1947,Out of the Past,Jacques Tourneur,NR,97,0,0,0,0,1
1976,"Outlaw Josey Wales, The",Clint Eastwood,PG,135,0,0,0,0,0
1983,"Outsiders, The",Francis Ford Coppola,PG,91,1,1,1,1,1
2003,Overnight,Tony Montana,R,115,0,0,0,0,0
1943,"Ox-Bow Incident, The",William Wellman,NR,75,0,0,1,1,1
2004,Palindromes,Todd Solondz,NR,100,0,1,1,0,0
1942,"Palm Beach Story, The",Preston Sturges,NR,88,0,0,0,0,0
2006,Pan's Labyrinth,Guillermo del Toro,R,112,0,0,1,1,1
1971,"Panic in Needle Park, The",Jerry Schatzberg,R,110,0,0,0,0,0
2002,Panic Room,David Fincher,R,112,0,1,1,0,1
1973,"Paper Chase, The",James Bridges,PG,112,0,0,0,0,0
1973,Paper Moon,Peter Bogdanovich,PG,102,0,0,1,0,1
1974,"Parallax View, The",Alan Pakula,R,102,0,0,0,0,0
1989,Parenthood,Ron Howard,PG-13,124,0,1,0,0,0
1984,"Paris, Texas",Wim Wenders,R,147,0,0,0,0,1
1928,"Passion of Joan of Arc, The",Carl Theodor Dreyer,NR,114,0,0,1,0,1
2004,"Passion of the Christ, The",Mel Gibson,R,135,1,0,1,1,1
1955,Pather Panchali,Satyajit Ray,NR,115,0,0,1,0,0
1957,Paths of Glory,Stanley Kubrick,NR,86,0,1,1,1,1
1970,Patton,Franklin J.  Schaffner,PG,172,1,1,1,1,1
1964,"Pawnbroker, The",Sidney Lumet,NR,116,0,1,0,0,0
1993,"Pelican Brief, The",Alan J. Pakula,PG-13,141,0,1,0,0,1
1996,"People vs. Larry Flynt, The",Milos Forman,R,129,0,0,1,0,1
1966,Persona,Ingmar Bergman,NR,85,0,1,1,1,1
1993,Philadelphia,Jonathan Demme,PG-13,125,0,1,1,0,1
1940,"Philadelphia Story, The",George Cukor,NR,112,0,0,1,0,1
1998,Pi,Darren Aronofsky,R,84,1,1,1,1,1
2002,"Pianist, The",Roman Polanski,R,150,0,0,1,0,1
2001,"Piano Teacher, The",Michael Haneke,R,130,0,1,0,0,1
1975,Picnic at Hanging Rock,Peter Weir,PG,115,0,0,0,0,1
1982,Pink Floyd: The Wall,Allen Parker,R,95,0,1,1,1,1
1940,Pinocchio,Hamilton Luske,G,88,1,1,1,1,1
1987,"Planes, Trains & Automobiles",John Hughes,R,93,0,1,1,0,1
1968,Planet of the Apes,Franklin J.  Schaffner,PG-13,112,1,0,1,0,0
1986,Platoon,Oliver Stone,R,111,1,1,1,0,1
1972,"Play It Again, Sam",Herbert Ross,PG,85,0,0,1,1,1
1971,Play Misty for Me,Clint Eastwood,R,102,0,0,0,0,1
1992,"Player, The",Robert Altman,R,124,0,0,1,1,1
1998,Pleasantville,Gary Ross,PG-13,124,1,1,1,1,1
2000,Pollock,Ed Harris,R,122,0,0,1,1,1
1992,Porco Rosso,Hayao Miyazaki,PG,94,0,0,1,0,1
1938,Port of Shadows,Marcel Carné,NR,91,0,0,0,0,1
1946,"Postman Always Rings Twice, The",Tay Garnett,NR,113,0,0,0,0,1
1987,Predator,John McTiernan,R,107,0,0,0,0,1
2006,"Prestige, The",Christopher Nolan,PG-13,130,0,0,1,0,1
1996,Primal Fear,Gregory Hoblit,R,129,0,0,0,0,1
1987,"Princess Bride, The",Rob Reiner,PG,98,1,1,1,1,1
1997,Princess Mononoke,Hayao Miyazaki,PG-13,133,1,1,1,1,1
1996,Prisoner of the Mountains,Sergei Bodrov,R,98,0,0,0,0,0
1994,"Professional, The",Luc Besson,R,106,1,1,1,1,1
2001,Promises,Carlos Bolado,NR,106,0,0,0,0,0
2005,Proof,John Madden,PG-13,99,0,1,1,0,1
1960,Psycho,Alfred Hitchcock,R,109,1,1,0,1,1
1931,"Public Enemy, The",William A. Wellman,NR,83,0,0,1,0,1
1994,Pulp Fiction,Quentin Tarantino,R,168,1,1,1,1,1
2002,Punch-Drunk Love,Paul Thomas Anderson,R,95,1,1,1,1,1
1985,"Purple Rose of Cairo, The",Woody Allen,PG,84,0,0,0,0,1
1981,Quest for Fire,Jean-Jacques Annaud,R,100,0,1,1,0,1
1952,"Quiet Man, The",John Ford,NR,129,0,0,0,0,0
2000,Quills,Philip Kaufman,R,124,0,1,1,0,1
1994,Quiz Show,Robert Redford,PG-13,133,1,1,1,1,1
2002,Rabbit-Proof Fence,Phillip Noyce,PG,94,1,0,1,0,1
1980,Raging Bull,Martin Scorsese,R,129,1,1,1,1,1
1981,Raiders of the Lost Ark,Steven Spielberg,PG,115,1,1,1,1,1
1988,Rain Man,Barry Levinson,R,133,0,1,1,0,1
1991,Raise the Red Lantern,Yimou Zhang,PG,125,0,0,0,0,0
1961,"Raisin in the Sun, A",Daniel Petrie,NR,128,1,0,1,0,0
1985,Ran,Akira Kurosawa,R,160,1,0,0,1,1
1950,Rashomon,Akira Kurosawa,NR,88,1,1,1,1,1
2007,Ratatouille,Brad Bird,G,111,0,0,0,0,0
2004,Ray,Taylor Hackford,PG-13,152,1,0,1,0,1
1954,Rear Window,Alfred Hitchcock,PG,112,0,1,1,1,1
1940,Rebecca,Alfred Hitchcock,NR,130,0,0,0,0,1
1955,Rebel Without a Cause,Nicholas Ray,NR,111,0,1,1,1,1
2002,Red Dragon,Brett Ratner,R,124,1,1,1,1,1
1948,Red River,Howard Hawks,NR,133,0,0,0,0,1
1990,"Reflecting Skin, The",Philip Ridley,R,95,0,0,0,0,0
1993,"Remains of the Day, The",James Ivory,PG,134,0,0,0,0,0
1965,Repulsion,Roman Polanski,NR,104,0,0,1,0,1
2000,Requiem for a Dream,Darren Aronofsky,R,102,1,1,1,1,1
1992,Reservoir Dogs,Quentin Tarantino,R,99,1,1,1,1,1
1975,"Return of the Pink Panther, The",Blake Edwards,G,113,0,0,0,1,1
1990,Reversal of Fortune,Barbet Schroeder,R,111,0,0,0,0,0
1991,Rhapsody in August,Akira Kurosawa,PG,98,0,0,0,1,0
1995,Richard III,Richard Loncraine,R,104,0,1,1,0,1
1962,Ride the High Country,Sam Peckinpah,NR,94,0,0,0,0,0
1955,Rififi,Jules Dassin,NR,115,0,0,1,0,1
1983,"Right Stuff, The",Philip Kaufman,PG,187,1,1,1,0,1
1927,"Ring, The",Alfred Hitchcock,NR,72,0,0,0,0,0
2002,"Ring, The",Gore Verbinski,PG-13,115,1,1,1,1,1
1959,Rio Bravo,Howard Hawks,NR,141,0,0,0,0,0
1950,Rio Grande,John Ford,NR,105,0,0,1,0,1
1951,"River, The",Jean Renoir,NR,99,0,0,0,0,0
2001,Rivers And Tides,Thomas Riedelsheimer,NR,90,0,0,0,0,0
2005,Rize,David LaChapelle,PG-13,86,0,0,0,1,1
2002,Road to Perdition,Sam Mendes,R,117,1,1,1,1,1
2003,Robot Stories,Greg Pak,NR,85,0,0,0,1,0
1996,"Rock, The",Michael Bay,R,134,1,1,1,1,1
1976,Rocky,John G. Avildsen,PG,119,1,1,0,1,1
2006,Rocky Balboa,Sylvester Stallone,PG,102,0,0,0,1,1
1989,Roger and Me,Michael Moore,R,91,1,1,1,1,1
2002,Roger Dodger,Dylan Kidd,R,104,0,1,1,1,1
1972,Roma,Federico Fellini,R,128,0,0,0,0,0
1953,Roman Holiday,William Wyler,NR,118,0,1,1,1,1
1996,Romeo + Juliet,Baz Luhrmann,PG-13,120,1,1,1,1,1
1936,Romeo and Juliet,George Cukor,NR,125,0,0,0,0,1
1998,Ronin,John Frankenheimer,R,121,1,1,1,1,1
1948,Rope,Alfred Hitchcock,PG,80,0,0,0,0,1
1968,Rosemary's Baby,Roman Polanski,R,136,0,1,1,0,1
2001,"Royal Tenenbaums, The",Wes Anderson,R,109,1,1,1,1,1
1939,"Rules of the Game, The",Jean Renoir,NR,110,0,0,1,0,1
1998,Run Lola Run,Tom Tykwer,R,81,1,1,1,1,1
1987,"Running Man, The",Paul Michael Glaser,R,101,1,0,0,0,1
1998,Rushmore,Wes Anderson,R,93,1,1,1,1,1
2002,Russian Ark,Aleksandr Sokurov,NR,96,0,0,1,0,1
1936,Sabotage,Alfred Hitchcock,NR,76,1,1,1,0,1
1942,Saboteur,Alfred Hitchcock,PG,108,1,0,0,0,0
1954,Sabrina,Billy Wilder,NR,113,0,0,1,0,0
1986,"Sacrifice, The",Andrei Tarkovsky,PG,143,0,0,0,0,0
1986,Salvador,Oliver Stone,R,123,0,0,0,0,0
1993,"Sandlot, The",David M. Evans,PG,101,1,1,1,1,1
1962,Sanjuro,Akira Kurosawa,NR,96,0,0,0,1,0
2003,Saraband,Ingmar Bergman,R,120,0,0,0,0,0
1977,Saturday Night Fever,John Badham,R,118,1,1,1,1,1
2007,"Savages, The",Tamara Jenkins,R,113,0,0,0,0,0
1998,Saving Private Ryan,Steven Spielberg,R,170,1,1,1,1,1
1989,Say Anything,Cameron Crowe,PG-13,100,1,1,1,1,1
1932,Scarface,Howard Hawks,NR,93,0,0,0,0,1
1983,Scarface,Brian De Palma,R,170,1,1,1,1,1
1934,"Scarlet Empress, The",Josef von Sternberg,NR,104,0,0,0,0,0
1973,Scenes from a Marriage,Ingmar Bergman,PG,167,0,0,0,0,0
1992,Scent of a Woman,Martin Brest,R,157,0,0,1,0,1
1993,Schindler's List,Steven Spielberg,R,197,1,1,1,1,1
2003,School of Rock,Richard Linklater,PG-13,108,1,1,1,1,1
2001,"Scotland, Pa.",Billy Morrissette,R,104,0,0,1,1,0
1996,Scream,Wes Craven,R,111,1,1,1,1,1
1997,Scream 2,Wes Craven,R,120,1,1,1,1,1
1988,Scrooged,Richard Donner,PG-13,101,1,0,1,0,1
1995,Se7en,David Fincher,R,123,1,1,1,1,1
1956,"Searchers, The",John Ford,NR,120,0,0,0,0,1
1993,Searching for Bobby Fisher,Steven Zaillian,PG,110,0,1,1,0,1
1936,Secret Agent,Alfred Hitchcock,NR,86,0,0,0,0,0
2002,Secretary,Steven Shainberg,R,104,1,1,1,1,1
1941,Sergeant York,Howard Hawks,NR,134,0,0,0,0,1
1973,Serpico,Sidney Lumet,R,129,0,0,0,0,1
2001,Session 9,Brad Anderson,R,100,0,0,1,0,1
1954,Seven Samurai,Akira Kurosawa,NR,203,1,1,1,1,1
1955,"Seven Year Itch, The",Billy Wilder,NR,105,0,0,1,0,1
1957,"Seventh Seal, The",Igmar Bergman,NR,96,0,1,1,1,1
2001,Sex and Lucía,Julio Medem,R,128,0,1,1,0,1
1989,"sex, lies, and videotape",Steven Soderbergh,R,98,0,1,1,1,1
2000,Sexy Beast,Jonathan Glazer,R,88,1,1,1,0,1
1943,Shadow of a Doubt,Alfred Hitchcock,PG,108,0,0,0,0,1
2000,Shadow of the Vampire,E. Elias Merhige,R,92,1,0,1,0,1
1971,Shaft,Gordon Parks,R,100,0,0,0,0,0
1998,Shakespeare in Love,John Madden,R,122,1,1,1,1,1
1968,Shame,Ingmar Bergman,R,103,0,0,0,0,0
1953,Shane,George Stevens,NR,118,0,0,0,0,1
2001,Shaolin Soccer,Stephen Chow,PG-13,111,0,1,0,1,0
1994,"Shawshank Redemption, The",Frank Darabont,R,142,1,1,1,1,1
1949,She Wore a Yellow Ribbon,John Ford,NR,103,0,0,0,0,1
2006,SherryBaby,Laurie Collyer,R,96,0,0,0,0,0
1996,Shine,Scott Hicks,PG-13,105,1,1,1,1,1
1980,"Shining, The",Stanley Kubrick,R,146,1,1,1,1,1
2001,"Shipping News, The",Lasse Hallström,R,111,1,0,1,0,1
1976,"Shootist, The",Don Siegel,PG,100,0,0,0,0,1
2005,Shopgirl,Anand Tucker,R,104,0,0,1,1,1
1993,Short Cuts,Robert Altman,R,187,0,0,0,0,1
2001,Shrek,Andrew Adamson,PG,90,1,1,1,1,1
2007,Sicko,Michael Moore,PG-13,123,0,0,0,0,0
2002,Signs,M. Night Shyamalan,PG-13,106,1,1,1,1,1
1991,"Silence of the Lambs, The",Jonathan Demme,R,118,1,1,1,1,1
1983,Silkwood,Mike Nichols,R,131,0,0,0,0,0
1985,Silverado,Lawrence Kasdan,PG-13,127,0,0,0,0,1
1998,Simon Birch,Mark Steven Johnson,PG,113,0,0,1,0,1
1998,"Simple Plan, A",Sam Raimi,R,121,0,0,0,0,1
2005,Sin City,Frank Miller,R,124,1,1,1,1,1
1953,Singin' in the Rain,Stanley Donen,G,103,0,0,1,0,1
1984,Sixteen Candles,John Hughes,PG-13,93,0,1,1,0,0
1999,"Sixth Sense, The",M. Night Shyamalan,PG-13,106,1,1,1,1,1
2004,Sky Captain and the World of Tomorrow,Kerry Conran,PG,106,1,0,1,1,1
1998,SLC Punk!,James Merendino,R,97,0,0,0,1,1
1973,Sleeper,Woody Allen,PG,87,1,1,1,0,1
1959,Sleeping Beauty,Milt Banta,G,75,1,1,1,1,1
1993,Sleepless in Seattle,Nora Ephron,PG,105,1,1,1,1,1
1972,Sleuth,Joseph L. Mankiewicz,PG,138,0,0,0,0,0
1996,Sling Blade,Billy Bob Thorton,R,135,1,1,1,1,1
2008,Slumdog Millionaire,Danny Boyle,R,120,0,0,0,0,0
2000,Small Time Crooks,Woody Allen,PG,94,1,1,1,1,1
1955,Smiles of a Summer Night,Ingmar Bergman,NR,108,0,0,1,0,1
2006,Snakes on a Plane,David R. Ellis,R,105,0,1,1,0,1
2000,Snatch,Guy Ritchie,R,102,1,0,1,1,1
1992,Sneakers,Phil Alden Robinson,PG-13,126,1,0,0,0,1
1937,Snow White and the Seven Dwarfs,David Hand,G,83,1,1,1,1,1
1972,Solaris,Andrei Tarkovsky,PG,165,0,0,0,0,0
1959,Some Like It Hot,Billy Wilder,PG,120,1,1,1,1,1
1946,Songs of the South,Harve Foster,G,94,0,0,0,0,1
1969,"Sorrow and the Pity, The",Marcel Ophüls,NR,265,0,0,1,0,1
1948,"Sorry, Wrong Number",Anatole Litvak,NR,89,0,0,0,0,1
1999,South Park: Bigger Longer & Uncut,Trey Parker,R,80,1,1,1,1,1
1945,"Southerner, The",Jean Renoir,NR,92,0,0,0,0,1
1973,Soylent Green,Richard Fleischer,PG,97,1,0,0,0,1
1987,Spaceballs,Mel Brooks,PG,96,1,1,1,1,1
1997,"Spanish Prisoner, The",David Mamet,PG,110,0,0,1,0,1
1960,Spartacus,Stanley Kubrick,PG-13,198,0,0,1,0,1
1945,Spellbound,Alfred Hitchcock,NR,111,1,0,1,0,1
2002,Spellbound,Jeffrey Blitz,G,97,1,1,1,0,1
2001,Spirited Away,Hayao Myazaki,PG,125,1,1,1,1,1
2005,"Squid and the Whale, The",Noah Baumbach,R,81,0,1,1,1,1
1939,Stagecoach,John Ford,NR,96,0,1,1,0,1
1953,Stalag 17,Billy Wilder,NR,120,0,0,0,0,1
1979,Stalker,Andrei Tarkovsky,NR,163,0,0,0,0,0
1986,Stand by Me,Rob Reiner,R,89,0,1,1,0,0
1954,"Star is Born, A",George Cukor,PG,176,0,0,0,0,0
1977,Star Wars: Episode IV - A New Hope,George Lucas,PG,121,1,1,1,1,1
1980,Star Wars: Episode V - The Empire Strikes Back,Irvin Kershner,PG,124,1,1,1,1,1
1983,Star Wars: Episode VI - Return of the Jedi,Richard Marquand,PG,134,1,1,1,1,1
1984,Starman,John Carpenter,PG,115,0,0,0,0,0
2000,State and Main,David Mamet,R,105,1,1,1,1,1
1990,State of Grace,Phil Joanou,R,134,0,0,0,0,0
1948,State of the Union,Frank Capra,NR,124,0,0,0,0,0
2003,Station Agent,The Thomas,R,88,0,0,1,0,1
1989,Steel Magnolias,Herbert Ross,PG,117,0,1,1,0,1
1999,Stigmata,Rupert Wainwright,R,103,1,1,1,1,1
1973,"Sting, The",George Roy Hill,PG,129,1,1,0,0,1
2001,Storytelling,Todd Soldonz,R,87,0,0,1,1,1
1954,"Strada, La",Federico Fellini,NR,98,0,0,0,0,0
1999,"Straight Story, The",David Lynch,G,112,0,1,1,0,1
2006,Stranger Than Fiction,Marc Foster,PG-13,113,0,0,1,1,1
1946,"Stranger, The",Orson Welles,NR,95,0,0,0,0,0
1951,Strangers on a Train,Alfred Hitchcock,PG,101,0,1,1,0,1
1971,Straw Dogs,Sam Peckinpah,R,118,0,0,1,0,1
1951,"Streetcar Named Desire, A",Elia Kazan,PG,122,1,1,1,1,1
1992,Strictly Ballroom,Baz Luhrmann,PG,94,0,0,1,0,1
1959,"Suddenly, Last Summer",Joseph L. Mankiewicz,NR,114,0,0,0,0,1
1941,Sullivan's Travels,Preston Sturges,NR,90,0,0,0,0,1
1927,Sunrise,F.W. Murnau,NR,95,0,0,0,0,0
1950,Sunset Blvd.,Billy Wilder,NR,110,1,0,1,1,1
2004,Super Size Me,Morgan Spurlock,NR,96,1,1,1,1,1
2007,Superbad,Greg Mottola,R,114,0,0,1,1,1
1941,Suspicion,Alfred Hitchcock,NR,99,0,0,0,0,1
1999,Sweet and Lowdown,Woody Allen,PG-13,95,1,1,1,0,1
1997,"Sweet Hereafter, The",Atom Egoyan,R,112,0,1,1,0,1
2003,Swimming Pool,FranÃ§ois Ozon,R,203,1,1,1,1,1
1963,"Sword in the Stone, The",Wolfgang Reitherman,G,79,1,1,1,1,1
1969,Take the Money and Run,Woody Allen,PG,85,1,0,0,0,0
1974,"Taking of Pelham One Two Three, The",Joseph Sargent,R,104,0,0,1,0,0
2002,Talk to Her,Pedro Almodóvar,R,112,1,1,1,0,1
2000,"Tao of Steve, The",Jenniphr Goodman,R,87,0,0,1,1,0
2001,Tape,Richard Linklater,R,86,0,0,1,0,1
1976,Taxi Driver,Martin Scorsese,R,113,1,1,1,1,1
1956,"Ten Commandments, The",Cecil B. DeMille,G,220,1,0,0,1,0
1976,"Tenant, The",Roman Polanski,R,125,0,0,1,0,1
1991,Terminator 2: Judgement Day,James Cameron,R,137,1,1,1,1,1
2003,Terminator 3: Rise of the Machines,Jonathan Mostow,R,108,1,1,1,1,1
1984,"Terminator, The",James Cameron,R,108,1,1,1,1,1
1974,"Texas Chain Saw Massacre, The",Tobe Hooper,R,83,0,0,0,1,1
2007,There Will Be Blood,Paul Thomas Anderson,R,158,0,0,0,1,1
1996,Thesis,Alejandro Amenábar,R,125,0,0,0,0,0
1945,They Were Expendable,John Ford,NR,135,0,0,0,0,1
1949,Thieves' Highway,Jules Dassin,NR,94,0,0,0,1,0
1988,"Thin Blue Line, The",Errol Morris,NR,103,0,0,0,0,1
1934,"Thin Man, The",W.S. Van Dyke,NR,93,0,0,1,0,1
1998,"Thin Red Line, The",Terrence Malick,R,170,1,0,1,0,1
1951,"Thing From Another World, The",Christian Nyby,NR,85,0,0,0,0,1
1982,"Thing, The",John Carpenter,R,109,0,0,0,0,1
1948,"Third Man, The",Carol Reed,NR,104,0,1,1,0,1
2003,Thirteen,Catherine Hardwicke,R,100,0,1,1,0,1
2001,Thirteen Conversations About One Thing,Jill Sprecher,R,94,1,1,1,1,1
1984,This is Spinal Tap,Rob Reiner,R,82,1,1,1,1,1
2002,Thoth,Sarah Kernonchan,NR,40,0,0,0,0,0
2005,"Three Burials of Melquiades Estrada, The",Tommy Lee Jones,R,121,0,0,0,1,1
1993,Three Colors: Blue,Krzysztof Kieslowski,R,100,1,0,1,0,1
1994,Three Colors: Red,Krzysztof Kieslowski,R,99,1,0,1,0,1
1994,Three Colors: White,Krzysztof Kieslowski,R,91,1,0,1,0,1
2004,Three...Extremes,Fruit Chan / Takashi Miike / Chan-wook Park,R,125,0,0,0,0,1
1957,Throne of Blood,Akira Kurosawa,NR,105,0,0,0,1,1
1971,THX 1138,George Lucas,NR,95,1,0,0,0,0
1979,Time After Time,Nicholas Meyer,PG,112,0,0,0,0,0
2001,"Times of Harvey Milk, The",Carlos Bolado,NR,90,0,0,0,0,0
1997,Titanic,James Cameron,PG-13,194,1,1,1,1,1
1999,Titus,Julie Taymore,R,162,1,0,1,0,1
1955,To Catch a Thief,Alfred Hitchcock,NR,106,0,0,0,0,1
1962,To Kill a Mockingbird,Robert Mulligan,NR,129,1,1,1,1,1
1985,To Live and Die in L.A.,William Friedkin,R,116,0,0,0,0,0
1967,To Sir with Love,James Clavell,NR,105,0,0,1,0,0
1953,Tokyo Story,Yasujiro Ozu,NR,136,0,0,0,0,1
1993,Tombstone,George P.  Cosmatos,R,130,1,0,1,0,1
1995,Tommy Boy,Peter Segal,PG-13,97,1,1,1,1,1
1982,Tootsie,Syndey Pollack,PG,119,1,0,1,0,0
1986,Top Gun,Tony Scott,PG,110,1,1,1,1,1
1969,Topaz,Alfred Hitchcock,PG,143,0,0,0,0,1
1999,Topsy-Turvy,Mike Leigh,R,160,0,0,1,0,0
1966,Torn Curtain,Alfred Hitchcock,PG,128,0,0,0,0,0
1958,Touch of Evil,Orson Welles,PG-13,95,0,0,0,0,1
1995,Toy Story,John Lasseter,G,81,1,1,1,1,1
1999,Toy Story 2,Ash Brannon,G,92,1,1,1,1,1
2000,Traffic,Steven Soderbergh,R,147,1,1,0,1,1
2001,Training Day,Antoine Fuqua,R,120,1,1,1,1,1
1996,Trainspotting,Danny Boyle,R,93,1,1,1,1,1
1948,"Treasure of the Sierra Madre, The",John Huston,NR,126,0,0,1,1,1
1996,Trees Lounge,Steve Buscemi,R,95,0,0,0,0,1
2002,Trilogy: One,Lucas Belvaux,NR,117,0,1,0,0,0
2002,Trilogy: Three,Lucas Belvaux,NR,124,0,1,0,0,0
2002,Trilogy: Two,Lucas Belvaux,NR,97,0,1,0,0,0
2003,"Triplets of Belleville, The",Sylvain Chomet,PG-13,80,0,1,1,1,1
2008,Tropic Thunder,Ben Stiller,R,107,0,0,0,0,0
1932,Trouble in Paradise,Ernst Lubitsch,NR,83,0,0,0,0,0
1955,"Trouble with Harry, The",Alfred Hitchcock,PG,99,0,0,0,0,0
1993,True Romance,Tony Scott,NR,120,0,0,1,0,0
1998,"Truman Show, The",Peter Weir,PG,103,1,1,1,1,1
2005,Tsotsi,Gavin Hood,R,94,0,0,0,1,0
1997,Two Girls and a Guy,James Toback,NC-17,84,1,1,1,0,1
1971,Two-Lane Blacktop,Monte Hellman,R,102,0,0,0,1,0
2000,U-571,Jonathan Mostow,PG-13,116,1,1,1,1,1
1953,Ugetsu,Kenji Mizoguchi,NR,94,0,0,0,0,0
1929,Un Chien Andalou,Luis Buñuel,NR,16,0,0,0,0,0
1988,"Unbearable Lightness of Being, The",Phillip Kaufman,R,171,0,0,0,0,0
1992,Unforgiven,Clint Eastwood,R,131,1,1,1,1,1
2006,United 93,Paul Greengrass,R,111,0,1,1,0,0
1987,"Untouchables, The",Brian De Palma,R,119,1,1,1,1,1
1995,"Usual Suspects, The",Bryan Singer,R,106,1,1,1,1,1
1988,"Vanishing, The",George Sluizer,NR,107,0,0,0,0,0
1982,"Verdict, The",Sidney Lumet,R,129,0,0,1,0,1
1958,Vertigo,Alfred Hitchcock,PG,129,1,1,1,1,1
1999,"Virgin Suicides, The",Sofia Coppola,R,97,1,1,1,1,1
1961,Viridiana,Luis Buñuel,NR,90,0,0,0,0,0
1997,Waco: The Rules of Engagement,William Gazecki,NR,136,0,1,1,0,1
1997,Wag the Dog,Barry Levinson,R,97,1,1,1,0,1
1953,"Wages of Fear, The",Henri-Georges Clouzot,NR,131,0,0,0,0,0
1967,Wait Until Dark,Terence Young,NR,107,0,1,0,0,1
2001,Waking Life,Richard Linklater,R,99,1,1,1,1,1
1998,Waking Ned Devine,Kirk Jones,PG,91,0,0,1,1,1
2008,WALL-E,Andrew Stanton,G,98,0,0,0,0,0
1993,Wallace & Gromit: The Wrong Trousers,Nick Park,NR,30,1,1,1,1,1
1933,Waltzes from Vienna,Alfred Hitchcock,NR,80,0,0,0,0,0
1995,Welcome to the Dollhouse,Todd Soldonz,R,88,0,0,0,0,1
1980,Werner Herzog Eats His Shoe,Les Blank,NR,20,0,0,1,1,1
1961,West Side Story,Robert Wise,NR,152,0,0,0,0,1
1973,Westworld,Crichton Michael,PG,88,0,0,1,0,1
2002,Whale Rider,Niki Caro,PG-13,101,0,0,1,0,1
1962,What Ever Happened to Baby Jane?,Robert Aldrich,NR,134,0,0,0,0,0
2000,What Lies Beneath,Robert Zemeckis,PG-13,130,0,1,1,1,1
1993,What's Eating Gilbert Grape,Lasse Hallström,PG-13,118,0,0,1,0,1
1989,When Harry Met Sally,Rob Reiner,R,96,1,1,1,1,1
2006,Who Killed The Electric Car?,Chris Paine,PG,92,0,0,0,1,0
1966,Who's Afraid of Virginia Woolf?,Mike Nichols,NR,134,0,0,0,1,0
1935,"Whole Town's Talking, The",John Ford,NR,93,0,0,0,0,0
1990,Wild at Heart,David Lynch,R,124,0,0,1,0,1
1969,"Wild Bunch, The",Sam Peckinpah,R,134,0,0,0,0,1
1953,"Wild One, The",Laslo Benedek,NR,79,0,0,0,0,0
1957,Wild Strawberries,Igmar Bergman,NR,91,0,0,1,0,1
1998,Wild Things,John McNaughton,R,108,1,1,1,1,1
1971,Willy Wonka & the Chocolate Factory,Mel Stuart,G,100,1,1,1,1,1
1950,Winchester '73,Anthony Mann,NR,92,0,0,0,0,1
1928,"Wind, The",Victor Sjöström,NR,79,0,0,0,0,1
1987,Wings of Desire,Wim Wenders,PG-13,127,0,0,0,0,1
1963,Winter Light,Ingmar Bergman,NR,81,0,1,1,0,1
1998,Without Limits,Robert Towne,PG-13,117,1,1,1,0,1
1985,Witness,Peter Weir,R,112,0,0,0,0,1
1957,Witness for the Prosecution,Billy Wilder,NR,116,0,0,0,0,0
1939,"Wizard of Oz, The",Victor Fleming,G,112,1,1,1,1,1
1974,"Woman Under the Influence, A",John Cassavetes,R,155,0,0,0,0,1
1988,Women on the Verge of a Nervous Breakdown,Pedro Almodóvar,R,90,1,0,1,0,0
1939,"Women, The",George Cukor,NR,133,0,0,0,0,0
2000,Wonder Boys,Curtis Hanson,R,111,0,1,1,0,1
2004,"Woodsman, The",Nicole Kassell,R,87,1,1,0,1,1
2004,Working Slowly (Radio Alice),Guido Chiesa,NR,111,0,0,1,0,0
1956,"Wrong Man, The",Alfred Hitchcock,NR,105,0,0,0,0,0
2001,Y tu Mamá También,Alfonso Cuarón,R,105,1,1,1,1,1
1961,Yojimbo,Akira Kurosawa,NR,110,1,1,1,1,1
2000,You Can Count on Me,Kenneth Lonergan,R,111,0,0,0,0,1
1938,You Can't Take It With You,Frank Capra,NR,126,0,0,0,0,0
1937,Young and Innocent,Alfred Hitchcock,NR,80,0,0,0,0,1
1974,Young Frankenstein,Mel Brooks,PG,108,0,1,0,1,1
1939,Young Mr. Lincoln,John Ford,NR,100,0,0,1,0,1
1998,Your Friends and Neighbors,Neil LaBute,R,100,0,0,1,0,1
1945,Your Job in Germany,Frank Capra,NR,13,0,0,0,0,0
1983,Zelig,Woody Allen,PG,79,1,1,1,1,1
1964,Zulu,Cy Endfield,NR,138,0,1,0,0,1